path,proposed_component,treatment,evidence_or_reason
"internal/endpoint/application_half_close.go","service-connection","boundary-review","package-and-symbol pass"
"internal/endpoint/closed_state_binding.go","endpoint-admission","boundary-review","package-and-symbol pass"
"internal/endpoint/descriptorhistory/doc.go","publication-discovery","retain","package documentation"
"internal/endpoint/descriptorhistory/history.go","publication-discovery","retain","package-and-symbol pass"
"internal/endpoint/doc.go","endpoint-admission","retain","package documentation"
"internal/endpoint/durableroot/access_unix.go","durable-storage","retain","package-and-symbol pass"
"internal/endpoint/durableroot/access_windows.go","durable-storage","retain","package-and-symbol pass"
"internal/endpoint/durableroot/doc.go","durable-storage","retain","package documentation"
"internal/endpoint/durableroot/lock_unix.go","durable-storage","retain","package-and-symbol pass"
"internal/endpoint/durableroot/lock_windows.go","durable-storage","retain","package-and-symbol pass"
"internal/endpoint/durableroot/sync_unix.go","durable-storage","retain","package-and-symbol pass"
"internal/endpoint/durableroot/sync_windows.go","durable-storage","retain","package-and-symbol pass"
"internal/endpoint/installed_worker_artifact_linux.go","confined-application","deepen","package-and-symbol pass"
"internal/endpoint/installed_worker_cgroup_linux.go","confined-application","deepen","package-and-symbol pass"
"internal/endpoint/installed_worker_instance_linux.go","confined-application","deepen","package-and-symbol pass"
"internal/endpoint/installed_worker_manager_linux.go","confined-application","deepen","package-and-symbol pass"
"internal/endpoint/installed_worker_properties_linux.go","confined-application","deepen","package-and-symbol pass"
"internal/endpoint/permissionfile/doc.go","permission-issuance","retain","package documentation"
"internal/endpoint/permissionfile/files_linux.go","permission-issuance","retain","package-and-symbol pass"
"internal/endpoint/portable/access_unix.go","artifact-enrollment","retain","cmd/ardents production caller"
"internal/endpoint/portable/access_windows.go","artifact-enrollment","retain","cmd/ardents production caller"
"internal/endpoint/portable/doc.go","artifact-enrollment","retain","cmd/ardents production caller"
"internal/endpoint/portable/lock_unix.go","artifact-enrollment","retain","cmd/ardents production caller"
"internal/endpoint/portable/lock_windows.go","artifact-enrollment","retain","cmd/ardents production caller"
"internal/endpoint/portable/paths_unix.go","artifact-enrollment","retain","cmd/ardents production caller"
"internal/endpoint/portable/paths_windows.go","artifact-enrollment","retain","cmd/ardents production caller"
"internal/endpoint/portable/roots.go","artifact-enrollment","retain","cmd/ardents production caller"
"internal/endpoint/portable/runtime.go","artifact-enrollment","retain","cmd/ardents production caller"
"internal/endpoint/protected_service_attachment.go","service-connection","boundary-review","package-and-symbol pass"
"internal/endpoint/protected_service_tls.go","service-connection","boundary-review","package-and-symbol pass"
"internal/endpoint/publisher_attachment_acquisition.go","publication-discovery","deepen","package-and-symbol pass"
"internal/endpoint/publisher_introduction.go","publication-discovery","deepen","package-and-symbol pass"
"internal/endpoint/publisher_start.go","publication-discovery","deepen","package-and-symbol pass"
"internal/endpoint/replacement/bundle.go","artifact-enrollment","retain","cmd/ardents production caller"
"internal/endpoint/replacement/contract.go","artifact-enrollment","retain","cmd/ardents production caller"
"internal/endpoint/replacement/doc.go","artifact-enrollment","retain","cmd/ardents production caller"
"internal/endpoint/replacement/lock_linux.go","artifact-enrollment","retain","cmd/ardents production caller"
"internal/endpoint/replacement/lock_nonlinux.go","artifact-enrollment","retain","cmd/ardents production caller"
"internal/endpoint/replacement/operation.go","artifact-enrollment","retain","cmd/ardents production caller"
"internal/endpoint/replacement/preactivation_retry.go","artifact-enrollment","retain","cmd/ardents production caller"
"internal/endpoint/replacement/store.go","artifact-enrollment","retain","cmd/ardents production caller"
"internal/endpoint/service_administration.go","endpoint-admission","deepen","package-and-symbol pass"
"internal/endpoint/service_admission.go","endpoint-admission","deepen","package-and-symbol pass"
"internal/endpoint/service_connection.go","service-connection","boundary-review","package-and-symbol pass"
"internal/endpoint/service_credential.go","publication-discovery","deepen","package-and-symbol pass"
"internal/endpoint/service_doc.go","service-connection","retain","package documentation"
"internal/endpoint/service_name_origin.go","service-connection","boundary-review","package-and-symbol pass"
"internal/endpoint/service_publication.go","publication-discovery","deepen","package-and-symbol pass"
"internal/endpoint/service_resources.go","resource-diagnostics","boundary-review","package-and-symbol pass"
"internal/endpoint/service_runtime.go","endpoint-admission","deepen","package-and-symbol pass"
"internal/endpoint/service_stream.go","service-connection","boundary-review","package-and-symbol pass"
"internal/endpoint/service_tls.go","service-connection","boundary-review","package-and-symbol pass"
"internal/endpoint/service_volatile_material.go","endpoint-admission","deepen","package-and-symbol pass"
"internal/endpoint/stream_qualification_artifact_linux.go","qualification","boundary-review","package-and-symbol pass"
"internal/endpoint/stream_qualification_connections_linux.go","qualification","boundary-review","package-and-symbol pass"
"internal/endpoint/stream_qualification_idle_linux.go","qualification","boundary-review","package-and-symbol pass"
"internal/endpoint/stream_qualification_preflight_linux.go","qualification","boundary-review","package-and-symbol pass"
"internal/endpoint/stream_qualification_replenishment_linux.go","qualification","boundary-review","package-and-symbol pass"
"internal/endpoint/stream_qualification_runtime_linux.go","qualification","boundary-review","package-and-symbol pass"
"internal/endpoint/target_link.go","publication-discovery","deepen","package-and-symbol pass"
"internal/endpoint/text_administration_linux.go","endpoint-admission","deepen","package-and-symbol pass"
"internal/endpoint/text_connection_linux.go","endpoint-admission","deepen","package-and-symbol pass"
"internal/endpoint/text_context_guard_linux.go","endpoint-admission","deepen","package-and-symbol pass"
"internal/endpoint/text_context_retirement.go","endpoint-admission","deepen","package-and-symbol pass"
"internal/endpoint/text_context_shutdown.go","endpoint-admission","deepen","package-and-symbol pass"
"internal/endpoint/text_context.go","endpoint-admission","deepen","package-and-symbol pass"
"internal/endpoint/text_descriptor_publication.go","publication-discovery","deepen","package-and-symbol pass"
"internal/endpoint/text_interior_set.go","client-path","deepen","package-and-symbol pass"
"internal/endpoint/text_introduction_accept.go","publication-discovery","deepen","package-and-symbol pass"
"internal/endpoint/text_introduction_admission.go","publication-discovery","deepen","package-and-symbol pass"
"internal/endpoint/text_introduction_dispatch_state.go","publication-discovery","deepen","package-and-symbol pass"
"internal/endpoint/text_introduction_dispatch.go","publication-discovery","deepen","package-and-symbol pass"
"internal/endpoint/text_introduction_exchange_lifetime.go","client-path","deepen","package-and-symbol pass"
"internal/endpoint/text_introduction_exchange_set.go","client-path","deepen","package-and-symbol pass"
"internal/endpoint/text_introduction_exchange.go","client-path","deepen","package-and-symbol pass"
"internal/endpoint/text_introduction_prefix_lifecycle.go","client-path","deepen","package-and-symbol pass"
"internal/endpoint/text_introduction_prepare.go","client-path","deepen","package-and-symbol pass"
"internal/endpoint/text_introduction_receive.go","publication-discovery","deepen","package-and-symbol pass"
"internal/endpoint/text_introduction_recipient.go","client-path","deepen","package-and-symbol pass"
"internal/endpoint/text_introduction_recovery.go","publication-discovery","deepen","package-and-symbol pass"
"internal/endpoint/text_introduction_refusal.go","publication-discovery","deepen","package-and-symbol pass"
"internal/endpoint/text_introduction_registration.go","publication-discovery","deepen","package-and-symbol pass"
"internal/endpoint/text_issuance_operation.go","permission-issuance","deepen","package-and-symbol pass"
"internal/endpoint/text_issuance.go","permission-issuance","deepen","package-and-symbol pass"
"internal/endpoint/text_issuer_stock.go","permission-issuance","deepen","package-and-symbol pass"
"internal/endpoint/text_job_lifecycle.go","confined-application","deepen","package-and-symbol pass"
"internal/endpoint/text_join_service.go","client-path","deepen","package-and-symbol pass"
"internal/endpoint/text_operation_flight.go","endpoint-admission","deepen","package-and-symbol pass"
"internal/endpoint/text_participant_linux.go","endpoint-admission","deepen","package-and-symbol pass"
"internal/endpoint/text_participant_observation_linux.go","resource-diagnostics","boundary-review","package-and-symbol pass"
"internal/endpoint/text_participant.go","endpoint-admission","deepen","package-and-symbol pass"
"internal/endpoint/text_permission_files_linux.go","permission-issuance","deepen","package-and-symbol pass"
"internal/endpoint/text_permission_provision_linux.go","permission-issuance","deepen","package-and-symbol pass"
"internal/endpoint/text_permission_stock.go","permission-issuance","deepen","package-and-symbol pass"
"internal/endpoint/text_permission.go","permission-issuance","deepen","package-and-symbol pass"
"internal/endpoint/text_prefix_opening_operation.go","client-path","deepen","package-and-symbol pass"
"internal/endpoint/text_prefix_retirement.go","client-path","deepen","package-and-symbol pass"
"internal/endpoint/text_publication_drain.go","publication-discovery","deepen","package-and-symbol pass"
"internal/endpoint/text_publication_link_linux.go","publication-discovery","deepen","package-and-symbol pass"
"internal/endpoint/text_publication_pair_lifecycle.go","publication-discovery","deepen","package-and-symbol pass"
"internal/endpoint/text_publication_platform_linux.go","publication-discovery","deepen","package-and-symbol pass"
"internal/endpoint/text_publication_refresh.go","publication-discovery","deepen","package-and-symbol pass"
"internal/endpoint/text_publisher_network_linux.go","publication-discovery","deepen","package-and-symbol pass"
"internal/endpoint/text_publisher_prefix.go","publication-discovery","deepen","package-and-symbol pass"
"internal/endpoint/text_publisher_start_linux.go","publication-discovery","deepen","package-and-symbol pass"
"internal/endpoint/text_publisher_withdraw_linux.go","publication-discovery","deepen","package-and-symbol pass"
"internal/endpoint/text_resolution.go","client-path","deepen","package-and-symbol pass"
"internal/endpoint/text_responder_prefix_lifecycle.go","client-path","deepen","package-and-symbol pass"
"internal/endpoint/text_responder_prefix.go","client-path","deepen","package-and-symbol pass"
"internal/endpoint/text_responder_source.go","client-path","deepen","package-and-symbol pass"
"internal/endpoint/text_runtime_state_linux.go","endpoint-admission","deepen","package-and-symbol pass"
"internal/endpoint/text_runtime_state_nonlinux.go","endpoint-admission","deepen","package-and-symbol pass"
"internal/endpoint/text_service_binding.go","service-connection","boundary-review","package-and-symbol pass"
"internal/endpoint/text_service_publisher_linux.go","service-connection","boundary-review","package-and-symbol pass"
"internal/endpoint/text_service_reader_linux.go","service-connection","boundary-review","package-and-symbol pass"
"internal/endpoint/text_service_route_recovery.go","service-connection","boundary-review","package-and-symbol pass"
"internal/endpoint/text_service_stream.go","service-connection","boundary-review","package-and-symbol pass"
"internal/endpoint/text_service_workload_linux.go","confined-application","deepen","package-and-symbol pass"
"internal/endpoint/text_source_lifecycle.go","client-path","deepen","package-and-symbol pass"
"internal/endpoint/text_source_operations.go","client-path","deepen","package-and-symbol pass"
"internal/endpoint/text_source_prefix.go","client-path","deepen","package-and-symbol pass"
"internal/endpoint/text_source_reopen.go","client-path","deepen","package-and-symbol pass"
"internal/endpoint/text_source_separation.go","client-path","deepen","package-and-symbol pass"
"internal/endpoint/text_source_state.go","client-path","deepen","package-and-symbol pass"
"internal/endpoint/text_token_transfer.go","permission-issuance","deepen","package-and-symbol pass"
"internal/endpoint/text_worker_attachment_linux.go","confined-application","deepen","package-and-symbol pass"
"internal/endpoint/text_worker_cleanup_linux.go","confined-application","deepen","package-and-symbol pass"
"internal/endpoint/text_worker_grant_linux.go","confined-application","deepen","package-and-symbol pass"
"internal/endpoint/text_worker_initialization_linux.go","confined-application","deepen","package-and-symbol pass"
"internal/endpoint/text_worker_launch_linux.go","confined-application","deepen","package-and-symbol pass"
"internal/endpoint/text_worker_lifetime_linux.go","confined-application","deepen","package-and-symbol pass"
"internal/endpoint/text_worker_parent_linux.go","confined-application","deepen","package-and-symbol pass"
"internal/endpoint/tokenjournal/doc.go","permission-issuance","retain","package documentation"
"internal/endpoint/tokenjournal/journal.go","permission-issuance","retain","package-and-symbol pass"
"internal/endpoint/tokenjournal/store.go","permission-issuance","retain","package-and-symbol pass"
"internal/endpoint/transit_client_certificate.go","permission-issuance","deepen","package-and-symbol pass"
"internal/endpoint/transit_credential_acquisition.go","permission-issuance","deepen","package-and-symbol pass"
"internal/endpoint/transit/acquisition.go","permission-issuance","retain","package-and-symbol pass"
"internal/endpoint/transit/compatibility.go","permission-issuance","retain","package-and-symbol pass"
"internal/endpoint/transit/doc.go","permission-issuance","retain","package documentation"
"internal/endpoint/transit/files.go","permission-issuance","retain","package-and-symbol pass"
"internal/endpoint/transit/lifecycle.go","permission-issuance","retain","package-and-symbol pass"
"internal/endpoint/transit/set.go","permission-issuance","retain","package-and-symbol pass"
"internal/endpoint/worker_inventory_linux.go","confined-application","deepen","package-and-symbol pass"
"internal/node/admission_deadline.go","node-duty","retain","package-and-symbol pass"
"internal/node/admission.go","node-duty","retain","package-and-symbol pass"
"internal/node/clock_observation.go","resource-diagnostics","boundary-review","package-and-symbol pass"
"internal/node/closed_bootstrap_forwarding.go","node-duty","move-candidate","package-and-symbol pass"
"internal/node/closed_carrier_relay.go","node-duty","move-candidate","package-and-symbol pass"
"internal/node/closed_forward_recipient.go","node-duty","move-candidate","package-and-symbol pass"
"internal/node/closed_forwarding_admission.go","node-duty","split-candidate","forwarding reservation and shared role-token verifier"
"internal/node/closed_forwarding_carrier.go","node-duty","move-candidate","package-and-symbol pass"
"internal/node/closed_forwarding_host.go","resource-diagnostics","boundary-review","package-and-symbol pass"
"internal/node/closed_forwarding_link.go","node-duty","move-candidate","package-and-symbol pass"
"internal/node/closed_forwarding_listener.go","node-duty","move-candidate","package-and-symbol pass"
"internal/node/closed_forwarding_queue.go","node-duty","move-candidate","package-and-symbol pass"
"internal/node/closed_forwarding_receiving.go","node-duty","move-candidate","package-and-symbol pass"
"internal/node/closed_forwarding_shutdown.go","node-duty","move-candidate","package-and-symbol pass"
"internal/node/closed_hosting.go","resource-diagnostics","split-candidate","host period, control admission, and pressure"
"internal/node/closed_introduction_delivery.go","node-duty","deepen","package-and-symbol pass"
"internal/node/closed_introduction_listener.go","node-duty","deepen","package-and-symbol pass"
"internal/node/closed_introduction_registration.go","node-duty","deepen","package-and-symbol pass"
"internal/node/closed_issuer_listener.go","node-duty","deepen","package-and-symbol pass"
"internal/node/closed_join_listener.go","node-duty","deepen","package-and-symbol pass"
"internal/node/closed_join_operation.go","node-duty","deepen","package-and-symbol pass"
"internal/node/closed_listen_bind.go","node-duty","retain","package-and-symbol pass"
"internal/node/closed_outer_issuer.go","node-duty","deepen","package-and-symbol pass"
"internal/node/closed_outer_lifetime.go","protected-wire","move-candidate","package-and-symbol pass"
"internal/node/closed_outer_writer.go","protected-wire","move-candidate","package-and-symbol pass"
"internal/node/closed_resolution_listener.go","node-duty","deepen","package-and-symbol pass"
"internal/node/closed_resolution_operation.go","node-duty","deepen","package-and-symbol pass"
"internal/node/closed_route_receiver.go","node-duty","boundary-review","package-and-symbol pass"
"internal/node/contract.go","node-duty","split-candidate","package-and-symbol pass"
"internal/node/doc.go","node-duty","retain","package documentation"
"internal/node/duty_server.go","node-duty","retain","package-and-symbol pass"
"internal/node/event_writer_other.go","resource-diagnostics","boundary-review","package-and-symbol pass"
"internal/node/event_writer_windows.go","resource-diagnostics","boundary-review","package-and-symbol pass"
"internal/node/event_writer.go","resource-diagnostics","boundary-review","package-and-symbol pass"
"internal/node/identity.go","node-duty","retain","package-and-symbol pass"
"internal/node/lifecycle.go","node-duty","retain","package-and-symbol pass"
"internal/node/local_roles.go","node-duty","retain","package-and-symbol pass"
"internal/node/machine.go","node-duty","retain","package-and-symbol pass"
"internal/node/probe_contract.go","node-duty","move-candidate","package-and-symbol pass"
"internal/node/probe_credentials.go","node-duty","move-candidate","package-and-symbol pass"
"internal/node/probe_doc.go","node-duty","retain","package documentation"
"internal/node/probe_server.go","node-duty","move-candidate","package-and-symbol pass"
"internal/node/probe_wire.go","node-duty","move-candidate","package-and-symbol pass"
"internal/node/resource_pressure.go","resource-diagnostics","boundary-review","package-and-symbol pass"
"internal/node/terminal_cleanup.go","resource-diagnostics","boundary-review","package-and-symbol pass"
"internal/route/ardp/bootstrap_linux.go","protected-wire","retain","package-and-symbol pass"
"internal/route/ardp/doc.go","protected-wire","retain","package documentation"
"internal/route/ardp/frame.go","protected-wire","retain","package-and-symbol pass"
"internal/route/capsule/capsule.go","protected-wire","retain","package-and-symbol pass"
"internal/route/capsule/crypto_linux.go","protected-wire","retain","package-and-symbol pass"
"internal/route/capsule/doc.go","protected-wire","retain","package documentation"
"internal/route/capsule/plaintext_linux.go","protected-wire","retain","package-and-symbol pass"
"internal/route/capsule/plaintext.go","protected-wire","retain","package-and-symbol pass"
"internal/route/capsule/submission.go","protected-wire","retain","package-and-symbol pass"
"internal/route/closed_admission_channel.go","receiving-spend","boundary-review","package-and-symbol pass"
"internal/route/closed_bootstrap_exchange.go","client-path","move-candidate","package-and-symbol pass"
"internal/route/closed_bootstrap_plan.go","client-path","move-candidate","package-and-symbol pass"
"internal/route/closed_bootstrap.go","client-path","move-candidate","package-and-symbol pass"
"internal/route/closed_carrier_pool.go","carrier","move-candidate","package-and-symbol pass"
"internal/route/closed_carrier_retirement.go","carrier","move-candidate","package-and-symbol pass"
"internal/route/closed_control_capacity.go","receiving-spend","boundary-review","package-and-symbol pass"
"internal/route/closed_duty_control_queue.go","receiving-spend","boundary-review","package-and-symbol pass"
"internal/route/closed_duty_limits.go","receiving-spend","boundary-review","package-and-symbol pass"
"internal/route/closed_forwarding_budget.go","protected-wire","boundary-review","package-and-symbol pass"
"internal/route/closed_forwarding_channel.go","protected-wire","boundary-review","package-and-symbol pass"
"internal/route/closed_forwarding_reverse.go","protected-wire","boundary-review","package-and-symbol pass"
"internal/route/closed_introduction_client.go","client-path","move-candidate","package-and-symbol pass"
"internal/route/closed_introduction_delivery.go","protected-wire","boundary-review","package-and-symbol pass"
"internal/route/closed_join_accept.go","protected-wire","boundary-review","package-and-symbol pass"
"internal/route/closed_join_client_stream.go","client-path","move-candidate","package-and-symbol pass"
"internal/route/closed_join_client.go","client-path","move-candidate","package-and-symbol pass"
"internal/route/closed_join_pairing.go","receiving-spend","boundary-review","package-and-symbol pass"
"internal/route/closed_join_replenishment.go","receiving-spend","boundary-review","package-and-symbol pass"
"internal/route/closed_join_stream.go","protected-wire","boundary-review","package-and-symbol pass"
"internal/route/closed_node_carrier.go","carrier","move-candidate","package-and-symbol pass"
"internal/route/closed_node_open.go","protected-wire","split-candidate","Node OPEN grammar and bridge lane accessor"
"internal/route/closed_outer_admission.go","protected-wire","boundary-review","package-and-symbol pass"
"internal/route/closed_outer_bridge_shutdown.go","protected-wire","boundary-review","package-and-symbol pass"
"internal/route/closed_outer_bridge.go","protected-wire","boundary-review","package-and-symbol pass"
"internal/route/closed_outer_handshake.go","protected-wire","boundary-review","package-and-symbol pass"
"internal/route/closed_outer_write.go","protected-wire","boundary-review","package-and-symbol pass"
"internal/route/closed_purpose_assignment.go","protected-wire","boundary-review","package-and-symbol pass"
"internal/route/closed_recipient_inspection.go","client-path","move-candidate","package-and-symbol pass"
"internal/route/closed_role_carrier_client_linux.go","carrier","move-candidate","package-and-symbol pass"
"internal/route/closed_role_carrier.go","carrier","move-candidate","package-and-symbol pass"
"internal/route/closed_role_child_stream.go","protected-wire","boundary-review","package-and-symbol pass"
"internal/route/closed_role_tls_client_linux.go","protected-wire","boundary-review","package-and-symbol pass"
"internal/route/closed_role_tls.go","protected-wire","boundary-review","package-and-symbol pass"
"internal/route/closed_shared_carrier.go","carrier","move-candidate","package-and-symbol pass"
"internal/route/closed_source_capacity.go","client-path","move-candidate","package-and-symbol pass"
"internal/route/closed_source_channels.go","client-path","move-candidate","package-and-symbol pass"
"internal/route/closed_source_control.go","client-path","move-candidate","package-and-symbol pass"
"internal/route/closed_source_issuance.go","client-path","move-candidate","package-and-symbol pass"
"internal/route/closed_source_lane_close.go","client-path","move-candidate","package-and-symbol pass"
"internal/route/closed_source_lane_read.go","client-path","move-candidate","package-and-symbol pass"
"internal/route/closed_source_lane_witness.go","client-path","move-candidate","package-and-symbol pass"
"internal/route/closed_source_lane_write.go","client-path","move-candidate","package-and-symbol pass"
"internal/route/closed_source_lane.go","client-path","move-candidate","package-and-symbol pass"
"internal/route/closed_source_lifetime.go","client-path","move-candidate","package-and-symbol pass"
"internal/route/closed_source_prefix.go","client-path","move-candidate","package-and-symbol pass"
"internal/route/closed_source_queue.go","client-path","move-candidate","package-and-symbol pass"
"internal/route/closed_source_replenishment.go","client-path","move-candidate","package-and-symbol pass"
"internal/route/closed_source_resolution.go","client-path","move-candidate","package-and-symbol pass"
"internal/route/closed_source_submission.go","client-path","move-candidate","package-and-symbol pass"
"internal/route/closed_tcp_transport.go","carrier","move-candidate","package-and-symbol pass"
"internal/route/closed_terminal_priority_linux.go","protected-wire","boundary-review","package-and-symbol pass"
"internal/route/closed_terminal_recipient.go","protected-wire","boundary-review","package-and-symbol pass"
"internal/route/credential_relay_io.go","protected-wire","boundary-review","package-and-symbol pass"
"internal/route/credential_relay_setup.go","protected-wire","boundary-review","package-and-symbol pass"
"internal/route/credential/client.go","permission-issuance","boundary-review","imports parent route to verify Transit Grant"
"internal/route/credential/closed_issuer_root.go","permission-issuance","retain","package-and-symbol pass"
"internal/route/credential/closed_token_admitted.go","permission-issuance","boundary-review","imports parent route admission channel and lane"
"internal/route/credential/closed_token_batch_client_linux.go","permission-issuance","retain","package-and-symbol pass"
"internal/route/credential/closed_token_batch.go","permission-issuance","retain","package-and-symbol pass"
"internal/route/credential/closed_token_bootstrap.go","permission-issuance","boundary-review","imports parent route bootstrap controller"
"internal/route/credential/closed_token_challenge.go","permission-issuance","retain","package-and-symbol pass"
"internal/route/credential/closed_token_finalization_linux.go","permission-issuance","retain","package-and-symbol pass"
"internal/route/credential/closed_token_issuer_conversion.go","permission-issuance","retain","package-and-symbol pass"
"internal/route/credential/closed_token_issuer_ledger.go","permission-issuance","retain","package-and-symbol pass"
"internal/route/credential/closed_token_issuer.go","permission-issuance","retain","package-and-symbol pass"
"internal/route/credential/closed_token_key.go","permission-issuance","retain","package-and-symbol pass"
"internal/route/credential/closed_token_listener.go","permission-issuance","boundary-review","imports parent route Carrier listener"
"internal/route/credential/closed_token_operation.go","permission-issuance","retain","package-and-symbol pass"
"internal/route/credential/closed_token_outcome_client_linux.go","permission-issuance","retain","package-and-symbol pass"
"internal/route/credential/closed_token_outcome.go","permission-issuance","retain","package-and-symbol pass"
"internal/route/credential/closed_token_verify.go","permission-issuance","retain","package-and-symbol pass"
"internal/route/credential/contract.go","permission-issuance","retain","package-and-symbol pass"
"internal/route/credential/doc.go","permission-issuance","retain","package documentation"
"internal/route/credential/issuer_root_files.go","permission-issuance","retain","package-and-symbol pass"
"internal/route/credential/issuer_root_lock_unix.go","permission-issuance","retain","package-and-symbol pass"
"internal/route/credential/issuer_root_lock_windows.go","permission-issuance","retain","package-and-symbol pass"
"internal/route/credential/issuer_root_permissions_unix.go","permission-issuance","retain","package-and-symbol pass"
"internal/route/credential/issuer_root_permissions_windows.go","permission-issuance","retain","package-and-symbol pass"
"internal/route/credential/issuer_root_sync_unix.go","permission-issuance","retain","package-and-symbol pass"
"internal/route/credential/issuer_root_sync_windows.go","permission-issuance","retain","package-and-symbol pass"
"internal/route/credential/message.go","permission-issuance","boundary-review","imports parent route role constants"
"internal/route/credential/permission_request_client_linux.go","permission-issuance","retain","package-and-symbol pass"
"internal/route/credential/permission_request.go","permission-issuance","retain","package-and-symbol pass"
"internal/route/credential/permission.go","permission-issuance","retain","package-and-symbol pass"
"internal/route/credential/profile.go","permission-issuance","retain","package-and-symbol pass"
"internal/route/doc.go","protected-wire","retain","package documentation"
"internal/route/endpoint_literal.go","protected-wire","boundary-review","package-and-symbol pass"
"internal/route/endpoint_transit_attachment.go","client-path","move-candidate","package-and-symbol pass"
"internal/route/endpoint_transit_binding.go","client-path","move-candidate","package-and-symbol pass"
"internal/route/entry_attachment.go","client-path","move-candidate","package-and-symbol pass"
"internal/route/entry_binding.go","client-path","move-candidate","package-and-symbol pass"
"internal/route/introduction_control_io.go","protected-wire","boundary-review","package-and-symbol pass"
"internal/route/introduction_outcome_io.go","protected-wire","boundary-review","package-and-symbol pass"
"internal/route/introduction_outcome.go","protected-wire","boundary-review","package-and-symbol pass"
"internal/route/introduction_slot_registration.go","protected-wire","boundary-review","package-and-symbol pass"
"internal/route/native_attachment.go","protected-wire","boundary-review","package-and-symbol pass"
"internal/route/node_binding.go","compatibility","compatibility-review","no external production caller found; check retained v1 evidence"
"internal/route/node_carrier_quic.go","carrier","move-candidate","package-and-symbol pass"
"internal/route/node_carrier.go","carrier","move-candidate","package-and-symbol pass"
"internal/route/replay/doc.go","receiving-spend","retain","package documentation"
"internal/route/replay/introduction_slots.go","receiving-spend","retain","package-and-symbol pass"
"internal/route/replay/lease_unix.go","receiving-spend","retain","package-and-symbol pass"
"internal/route/replay/lease_windows.go","receiving-spend","retain","package-and-symbol pass"
"internal/route/replay/spend_ledger.go","receiving-spend","retain","package-and-symbol pass"
"internal/route/replay/sync_unix.go","receiving-spend","retain","package-and-symbol pass"
"internal/route/replay/sync_windows.go","receiving-spend","retain","package-and-symbol pass"
"internal/route/route_binding_v1.go","compatibility","compatibility-review","no external production caller found; check retained v1 evidence"
"internal/route/sealed_introduction.go","protected-wire","boundary-review","package-and-symbol pass"
"internal/route/terminal/descriptor_client_linux.go","protected-wire","boundary-review","terminal codec imports service/reachability"
"internal/route/terminal/descriptor.go","protected-wire","boundary-review","terminal codec imports service/reachability"
"internal/route/terminal/doc.go","protected-wire","retain","package documentation"
"internal/route/terminal/issuance_client_linux.go","protected-wire","retain","package-and-symbol pass"
"internal/route/terminal/issuance.go","protected-wire","retain","package-and-symbol pass"
"internal/route/terminal/join_client_linux.go","protected-wire","retain","package-and-symbol pass"
"internal/route/terminal/join.go","protected-wire","retain","package-and-symbol pass"
"internal/route/terminal/registration_encoding_linux.go","protected-wire","retain","package-and-symbol pass"
"internal/route/terminal/registration.go","protected-wire","retain","package-and-symbol pass"
"internal/route/tls_adapter.go","carrier","move-candidate","package-and-symbol pass"
"internal/route/transit_grant.go","client-path","move-candidate","package-and-symbol pass"
"internal/route/wire_encoding.go","protected-wire","boundary-review","package-and-symbol pass"
"internal/service/connection/context.go","service-connection","retain","package-and-symbol pass"
"internal/service/connection/continuity_exchange.go","service-connection","retain","package-and-symbol pass"
"internal/service/connection/contract.go","service-connection","retain","package-and-symbol pass"
"internal/service/connection/doc.go","service-connection","retain","package documentation"
"internal/service/connection/initial_authentication.go","service-connection","retain","package-and-symbol pass"
"internal/service/connection/initial_receipt.go","service-connection","retain","package-and-symbol pass"
"internal/service/connection/name_origin.go","service-connection","retain","package-and-symbol pass"
"internal/service/connection/protected_context.go","service-connection","retain","package-and-symbol pass"
"internal/service/connection/record.go","service-connection","retain","package-and-symbol pass"
"internal/service/connection/stream_bounded.go","service-connection","retain","package-and-symbol pass"
"internal/service/connection/stream_completion_linux.go","service-connection","retain","package-and-symbol pass"
"internal/service/connection/stream_contract.go","service-connection","retain","package-and-symbol pass"
"internal/service/connection/stream_data_replay.go","service-connection","retain","package-and-symbol pass"
"internal/service/connection/stream_lifecycle.go","service-connection","retain","package-and-symbol pass"
"internal/service/connection/stream_receive.go","service-connection","retain","package-and-symbol pass"
"internal/service/connection/stream_recovery.go","service-connection","retain","package-and-symbol pass"
"internal/service/connection/stream_send.go","service-connection","retain","package-and-symbol pass"
"internal/service/connection/stream_support.go","service-connection","retain","package-and-symbol pass"
"internal/service/connection/stream_terminal_replay.go","service-connection","retain","package-and-symbol pass"
"internal/service/connection/stream_terminal_tail.go","service-connection","retain","package-and-symbol pass"
"internal/service/instance/access_nonwindows.go","service-identity","retain","package-and-symbol pass"
"internal/service/instance/access_windows.go","service-identity","retain","package-and-symbol pass"
"internal/service/instance/contract.go","service-identity","retain","package-and-symbol pass"
"internal/service/instance/doc.go","service-identity","retain","package documentation"
"internal/service/instance/durability_nonwindows.go","service-identity","retain","package-and-symbol pass"
"internal/service/instance/durability_windows.go","service-identity","retain","package-and-symbol pass"
"internal/service/instance/lifecycle.go","service-identity","retain","package-and-symbol pass"
"internal/service/instance/lock_nonwindows.go","service-identity","retain","package-and-symbol pass"
"internal/service/instance/lock_windows.go","service-identity","retain","package-and-symbol pass"
"internal/service/instance/private_introduction.go","service-identity","retain","package-and-symbol pass"
"internal/service/instance/private_recipient.go","service-identity","retain","package-and-symbol pass"
"internal/service/instance/request.go","service-identity","retain","package-and-symbol pass"
"internal/service/instance/response.go","service-identity","retain","package-and-symbol pass"
"internal/service/instance/root.go","service-identity","retain","package-and-symbol pass"
"internal/service/instance/state.go","service-identity","retain","package-and-symbol pass"
"internal/service/instance/storage.go","service-identity","retain","package-and-symbol pass"
"internal/service/publication/contract.go","publication-discovery","retain","package-and-symbol pass"
"internal/service/publication/credential.go","publication-discovery","retain","package-and-symbol pass"
"internal/service/publication/doc.go","publication-discovery","retain","package documentation"
"internal/service/publication/introduction_instruction.go","publication-discovery","retain","package-and-symbol pass"
"internal/service/publication/lock_nonwindows.go","publication-discovery","retain","package-and-symbol pass"
"internal/service/publication/lock_windows.go","publication-discovery","retain","package-and-symbol pass"
"internal/service/publication/publication.go","publication-discovery","retain","package-and-symbol pass"
"internal/service/publication/readiness.go","publication-discovery","retain","package-and-symbol pass"
"internal/service/publication/root.go","publication-discovery","retain","package-and-symbol pass"
"internal/service/reachability/contract.go","publication-discovery","boundary-review","older descriptor contract; dependency audit needed"
"internal/service/reachability/descriptor.go","publication-discovery","boundary-review","older descriptor contract; dependency audit needed"
"internal/service/reachability/doc.go","publication-discovery","retain","package documentation"
"internal/service/reachability/gateway_profile.go","publication-discovery","retirement-review","no external production caller found; verify compatibility"
"internal/service/reachability/private_client.go","publication-discovery","retirement-review","no external production caller found; verify compatibility"
"internal/service/reachability/private_descriptor_encoding_linux.go","publication-discovery","retain","package-and-symbol pass"
"internal/service/reachability/private_descriptor_issuance_linux.go","publication-discovery","retain","package-and-symbol pass"
"internal/service/reachability/private_descriptor_wire.go","publication-discovery","retain","package-and-symbol pass"
"internal/service/reachability/private_descriptor.go","publication-discovery","retain","package-and-symbol pass"
"internal/service/reachability/private_gateway.go","publication-discovery","retirement-review","no external production caller found; verify compatibility"
"internal/service/reachability/private_relay.go","publication-discovery","retirement-review","no external production caller found; verify compatibility"
"internal/service/reachability/private_store.go","publication-discovery","retain","package-and-symbol pass"
"internal/service/reachability/private_wire.go","publication-discovery","retirement-review","no external production caller found; verify compatibility"
"internal/service/reachability/store_files.go","publication-discovery","retain","node resolution calls reachability.OpenStore"
"internal/service/reachability/store_lock_nonwindows.go","publication-discovery","retain","node resolution calls reachability.OpenStore"
"internal/service/reachability/store_lock_windows.go","publication-discovery","retain","node resolution calls reachability.OpenStore"
"internal/service/reachability/store_root.go","publication-discovery","retain","node resolution calls reachability.OpenStore"
"internal/service/reachability/store_sync_nonwindows.go","publication-discovery","retain","node resolution calls reachability.OpenStore"
"internal/service/reachability/store_sync_windows.go","publication-discovery","retain","node resolution calls reachability.OpenStore"
"internal/service/reachability/store.go","publication-discovery","retain","node resolution calls reachability.OpenStore"
"internal/service/targetlink/doc.go","publication-discovery","retain","package documentation"
"internal/service/targetlink/target_link.go","publication-discovery","retain","package-and-symbol pass"
